<?xml version="1.0" encoding="UTF-8" standalone="no"?>
<databaseChangeLog xmlns="http://www.liquibase.org/xml/ns/dbchangelog" xmlns:ext="http://www.liquibase.org/xml/ns/dbchangelog-ext" xmlns:xsi="http://www.w3.org/2001/XMLSchema-instance" xsi:schemaLocation="http://www.liquibase.org/xml/ns/dbchangelog-ext http://www.liquibase.org/xml/ns/dbchangelog/dbchangelog-ext.xsd http://www.liquibase.org/xml/ns/dbchangelog http://www.liquibase.org/xml/ns/dbchangelog/dbchangelog-3.4.xsd">
    <changeSet author="selton" id="T100-20190101-1">
        <createTable tableName="elec_antenna">
            <column name="AntennaID" type="VARCHAR(50)">
                <constraints nullable="false"/>
            </column>
            <column name="JctID" type="VARCHAR(50)"/>
            <column name="AntennaName" type="VARCHAR(50)"/>
            <column name="TxZengyi" type="VARCHAR(50)"/>
            <column name="SPBSWidth" type="VARCHAR(50)"/>
            <column name="JiHuaFangShi" type="VARCHAR(50)"/>
            <column name="TxChengshi" type="VARCHAR(50)"/>
            <column name="WorkHZ" type="VARCHAR(50)"/>
            <column name="COMMENT" type="VARCHAR(500)"/>
            <column name="IsDelete" type="VARCHAR(10)"/>
            <column name="CreateEmpID" type="VARCHAR(50)"/>
            <column name="CreateDate" type="datetime(6)"/>
            <column name="LastEmpID" type="VARCHAR(50)"/>
            <column name="LastDate" type="datetime(6)"/>
        </createTable>
    </changeSet>

    <changeSet author="selton" id="T100-20190101-2">
        <createTable tableName="elec_application">
            <column name="applicationID" type="INT">
                <constraints primaryKey="true"/>
            </column>
            <column name="applicationTemplateID" type="INT"/>
            <column name="applicationUserID" type="BIGINT(20)"/>
            <column name="title" type="VARCHAR(100)"/>
            <column name="path" type="VARCHAR(5000)"/>
            <column name="applyTime" type="TIMESTAMP">
                <constraints nullable="false"/>
            </column>
            <column name="status" type="VARCHAR(10)"/>
            <column name="processInstanceID" type="VARCHAR(100)"/>
        </createTable>

        <createIndex indexName="applicationTemplateID" tableName="elec_application">
            <column name="applicationTemplateID"/>
        </createIndex>

        <createIndex indexName="applicationUserID" tableName="elec_application">
            <column name="applicationUserID"/>
        </createIndex>
    </changeSet>

    <changeSet author="selton" id="T100-20190101-3">
        <createTable tableName="elec_application_template">
            <column name="id" type="INT">
                <constraints primaryKey="true"/>
            </column>
            <column name="name" type="VARCHAR(500)"/>
            <column name="processDefinitionKey" type="VARCHAR(500)"/>
            <column name="path" type="VARCHAR(5000)"/>
        </createTable>
    </changeSet>

    <changeSet author="selton" id="T100-20190101-4">
        <createTable tableName="elec_approveinfo">
            <column name="approveID" type="INT">
                <constraints primaryKey="true"/>
            </column>
            <column name="applicationID" type="INT"/>
            <column name="comment" type="VARCHAR(5000)"/>
            <column name="approval" type="BIT(1)"/>
            <column name="approveUserID" type="BIGINT(20)"/>
            <column name="approveTime" type="TIMESTAMP">
                <constraints nullable="false"/>
            </column>
        </createTable>
        <createIndex indexName="applicationID" tableName="elec_approveinfo">
            <column name="applicationID"/>
        </createIndex>
        <createIndex indexName="approveUserID" tableName="elec_approveinfo">
            <column name="approveUserID"/>
        </createIndex>
    </changeSet>

    <changeSet author="selton" id="T100-20190101-5">
        <createTable tableName="elec_commonmsg">
            <column name="comID" type="VARCHAR(50)">
                <constraints primaryKey="true"/>
            </column>
            <column name="stationRun" type="VARCHAR(5000)"/>
            <column name="devRun" type="VARCHAR(5000)"/>
            <column name="createDate" type="datetime(6)"/>
            <column name="createEmpCode" type="VARCHAR(50)"/>
        </createTable>
    </changeSet>
    <changeSet author="selton" id="T100-20190101-6">
        <createTable tableName="elec_device">
            <column name="DevID" type="VARCHAR(50)">
                <constraints nullable="false"/>
            </column>
            <column name="DevPlanID" type="VARCHAR(50)"/>
            <column name="JctID" type="VARCHAR(50)"/>
            <column name="DevName" type="VARCHAR(50)"/>
            <column name="DevType" type="VARCHAR(10)"/>
            <column name="Trademark" type="VARCHAR(50)"/>
            <column name="SpecType" type="VARCHAR(50)"/>
            <column name="ProduceHome" type="VARCHAR(50)"/>
            <column name="ProduceArea" type="VARCHAR(50)"/>
            <column name="Useness" type="VARCHAR(50)"/>
            <column name="Quality" type="VARCHAR(10)"/>
            <column name="UseUnit" type="VARCHAR(50)"/>
            <column name="DevExpense" type="DECIMAL(20, 2)"/>
            <column name="AdjustPeriod" type="VARCHAR(50)"/>
            <column name="OverhaulPeriod" type="VARCHAR(50)"/>
            <column name="Configure" type="VARCHAR(100)"/>
            <column name="DevState" type="VARCHAR(10)"/>
            <column name="RunDescribe" type="VARCHAR(500)"/>
            <column name="COMMENT" type="VARCHAR(500)"/>
            <column name="UseDate" type="datetime(6)"/>
            <column name="IsDelete" type="VARCHAR(10)"/>
            <column name="CreateEmpID" type="VARCHAR(50)"/>
            <column name="CreateDate" type="datetime(6)"/>
            <column name="LastEmpID" type="VARCHAR(50)"/>
            <column name="LastDate" type="datetime(6)"/>
            <column name="QUnit" type="VARCHAR(10)"/>
            <column name="APUnit" type="VARCHAR(10)"/>
            <column name="OPUnit" type="VARCHAR(10)"/>
            <column name="APState" type="VARCHAR(10)"/>
            <column name="OPState" type="VARCHAR(10)"/>
        </createTable>
    </changeSet>
    <changeSet author="selton" id="T100-20190101-7">
        <createTable tableName="elec_device_plan">
            <column name="DevPlanID" type="VARCHAR(50)">
                <constraints nullable="false"/>
            </column>
            <column name="JctID" type="VARCHAR(50)"/>
            <column name="DevName" type="VARCHAR(100)"/>
            <column name="DevType" type="VARCHAR(10)"/>
            <column name="Trademark" type="VARCHAR(50)"/>
            <column name="SpecType" type="VARCHAR(50)"/>
            <column name="ProduceHome" type="VARCHAR(50)"/>
            <column name="ProduceArea" type="VARCHAR(50)"/>
            <column name="Useness" type="VARCHAR(50)"/>
            <column name="Quality" type="VARCHAR(10)"/>
            <column name="UseUnit" type="VARCHAR(50)"/>
            <column name="DevExpense" type="DECIMAL(20, 2)"/>
            <column name="PlanDate" type="datetime(6)"/>
            <column name="AdjustPeriod" type="VARCHAR(50)"/>
            <column name="OverhaulPeriod" type="VARCHAR(50)"/>
            <column name="Configure" type="VARCHAR(50)"/>
            <column name="COMMENT" type="VARCHAR(500)"/>
            <column name="PurchaseState" type="VARCHAR(10)"/>
            <column name="IsDelete" type="VARCHAR(10)"/>
            <column name="CreateEmpID" type="VARCHAR(50)"/>
            <column name="CreateDate" type="datetime(6)"/>
            <column name="LastEmpID" type="VARCHAR(50)"/>
            <column name="LastDate" type="datetime(6)"/>
            <column name="QUnit" type="VARCHAR(10)"/>
            <column name="APUnit" type="VARCHAR(10)"/>
            <column name="OPUnit" type="VARCHAR(10)"/>
        </createTable>
    </changeSet>
    <changeSet author="selton" id="T100-20190101-8">
        <createTable tableName="elec_engineering">
            <column name="EngineID" type="VARCHAR(50)">
                <constraints nullable="false"/>
            </column>
            <column name="ProjID" type="VARCHAR(50)"/>
            <column name="EngineName" type="VARCHAR(100)"/>
            <column name="EngineState" type="VARCHAR(10)"/>
            <column name="IsDelete" type="VARCHAR(10)"/>
            <column name="CreateEmpID" type="VARCHAR(50)"/>
            <column name="CreateDate" type="datetime(6)"/>
            <column name="LastEmpID" type="VARCHAR(50)"/>
            <column name="LastDate" type="datetime(6)"/>
        </createTable>
    </changeSet>
    <changeSet author="selton" id="T100-20190101-9">
        <createTable tableName="elec_engineering_plan">
            <column name="EnginePlanID" type="VARCHAR(50)">
                <constraints nullable="false"/>
            </column>
            <column name="ProjPlanID" type="VARCHAR(50)"/>
            <column name="EngineName" type="VARCHAR(100)"/>
            <column name="IsDelete" type="VARCHAR(10)"/>
            <column name="CreateEmpID" type="VARCHAR(50)"/>
            <column name="CreateDate" type="datetime(6)"/>
            <column name="LastEmpID" type="VARCHAR(50)"/>
            <column name="LastDate" type="datetime(6)"/>
        </createTable>
    </changeSet>
    <changeSet author="selton" id="T100-20190101-10">
        <createTable tableName="elec_engineering_plan_history">
            <column name="SepId" type="VARCHAR(50)">
                <constraints nullable="false"/>
            </column>
            <column name="EnginePlanID" type="VARCHAR(50)"/>
            <column name="ProjPlanID" type="VARCHAR(50)"/>
            <column name="EngineName" type="VARCHAR(100)"/>
            <column name="IsDelete" type="VARCHAR(10)"/>
            <column name="CreateEmpID" type="VARCHAR(50)"/>
            <column name="CreateDate" type="datetime(6)"/>
            <column name="LastEmpID" type="VARCHAR(50)"/>
            <column name="LastDate" type="datetime(6)"/>
            <column name="DeclareYear" type="VARCHAR(50)"/>
        </createTable>
    </changeSet>

    <changeSet author="selton" id="T100-20190101-11">
        <createTable tableName="elec_exportfields">
            <column name="belongTo" type="VARCHAR(10)">
                <constraints primaryKey="true" nullable="false"/>
            </column>
            <column name="expNameList" type="TEXT"/>
            <column name="expFieldName" type="TEXT"/>
            <column name="noExpNameList" type="TEXT"/>
            <column name="noExpFieldName" type="TEXT"/>
        </createTable>
    </changeSet>
    <changeSet author="selton" id="T100-20190101-12">
        <createTable tableName="elec_fileupload">
            <column name="SeqID" type="INT">
                <constraints primaryKey="true"/>
            </column>
            <column name="ProjID" type="VARCHAR(50)"/>
            <column name="BelongTo" type="VARCHAR(50)"/>
            <column name="FileName" type="VARCHAR(50)"/>
            <column name="FileURL" type="VARCHAR(1000)"/>
            <column name="ProgressTime" type="VARCHAR(20)"/>
            <column name="IsDelete" type="VARCHAR(10)"/>
            <column name="CreateEmpID" type="VARCHAR(50)"/>
            <column name="CreateDate" type="datetime(6)"/>
        </createTable>
    </changeSet>
    <changeSet author="selton" id="T100-20190101-13">
        <createTable tableName="elec_jctbuild">
            <column name="BuildID" type="VARCHAR(50)">
                <constraints nullable="false"/>
            </column>
            <column name="JctID" type="VARCHAR(50)"/>
            <column name="BuildName" type="VARCHAR(50)"/>
            <column name="BuildType" type="VARCHAR(10)"/>
            <column name="BuildStartDate" type="datetime(6)"/>
            <column name="DxDate" type="datetime(6)"/>
            <column name="UseDate" type="datetime(6)"/>
            <column name="BuildLayer" type="VARCHAR(50)"/>
            <column name="BuildArea" type="VARCHAR(50)"/>
            <column name="ExtendBuildDate" type="datetime(6)"/>
            <column name="ExtendBuildArea" type="VARCHAR(50)"/>
            <column name="BuildExpense" type="DECIMAL(20, 2)"/>
            <column name="COMMENT" type="VARCHAR(500)"/>
            <column name="IsDelete" type="VARCHAR(10)"/>
            <column name="CreateEmpID" type="VARCHAR(50)"/>
            <column name="CreateDate" type="datetime(6)"/>
            <column name="LastEmpID" type="VARCHAR(50)"/>
            <column name="LastDate" type="datetime(6)"/>
        </createTable>
    </changeSet>
    <changeSet author="selton" id="T100-20190101-14">
        <createTable tableName="elec_log">
            <column name="logID" type="VARCHAR(50)">
                <constraints primaryKey="true"/>
            </column>
            <column name="ipAddress" type="VARCHAR(50)"/>
            <column name="opeName" type="VARCHAR(50)"/>
            <column name="opeTime" type="datetime(6)"/>
            <column name="details" type="VARCHAR(500)"/>
        </createTable>
    </changeSet>
    <changeSet author="selton" id="T100-20190101-15">
        <createTable tableName="elec_maintainplan">
            <column name="PlanID" type="VARCHAR(50)">
                <constraints nullable="false"/>
            </column>
            <column name="JctID" type="VARCHAR(50)"/>
            <column name="OccurDate" type="datetime(6)"/>
            <column name="MainContent" type="VARCHAR(500)"/>
            <column name="COMMENT" type="VARCHAR(500)"/>
        </createTable>
    </changeSet>
    <changeSet author="selton" id="T100-20190101-16">
        <createTable tableName="elec_overhaul_record">
            <column name="DevID" type="VARCHAR(50)"/>
            <column name="IsAdjust" type="VARCHAR(10)"/>
            <column name="StartDate" type="datetime(6)"/>
            <column name="EndDate" type="datetime(6)"/>
            <column name="IsHaving" type="VARCHAR(10)"/>
            <column name="Record" type="VARCHAR(500)"/>
            <column name="COMMENT" type="VARCHAR(500)"/>
            <column name="IsDelete" type="VARCHAR(10)"/>
            <column name="CreateEmpID" type="VARCHAR(50)"/>
            <column name="CreateDate" type="datetime(6)"/>
            <column name="LastEmpID" type="VARCHAR(50)"/>
            <column name="LastDate" type="datetime(6)"/>
            <column name="SeqID" type="INT">
                <constraints nullable="false"/>
            </column>
        </createTable>
    </changeSet>
    <changeSet author="selton" id="T100-20190101-17">
        <createTable tableName="elec_popedom">
            <column name="MID" type="VARCHAR(32)"/>
            <column name="pid" type="VARCHAR(32)"/>
            <column name="NAME" type="VARCHAR(500)"/>
            <column name="url" type="VARCHAR(5000)"/>
            <column name="icon" type="VARCHAR(5000)"/>
            <column name="target" type="VARCHAR(500)"/>
            <column name="isParent" type="BIT(1)"/>
            <column name="isMenu" type="BIT(1)"/>
        </createTable>
        <addPrimaryKey columnNames="MID, pid" constraintName="PRIMARY" tableName="elec_popedom"/>
    </changeSet>
    <changeSet author="selton" id="T100-20190101-18">
        <createTable tableName="elec_project">
            <column name="ProjID" type="VARCHAR(50)">
                <constraints nullable="false"/>
            </column>
            <column name="JctID" type="VARCHAR(50)"/>
            <column name="LayProjID" type="VARCHAR(50)"/>
            <column name="ProjName" type="VARCHAR(100)"/>
            <column name="ProjState" type="VARCHAR(10)"/>
            <column name="ProjType" type="VARCHAR(50)"/>
            <column name="PlanInvest" type="DECIMAL(20, 2)"/>
            <column name="MainContent" type="VARCHAR(100)"/>
            <column name="BuildDate" type="datetime(6)"/>
            <column name="IsYanShou" type="VARCHAR(10)"/>
            <column name="Cycle" type="VARCHAR(50)"/>
            <column name="COMMENT" type="VARCHAR(500)"/>
            <column name="IsDelete" type="VARCHAR(10)"/>
            <column name="CreateEmpID" type="VARCHAR(50)"/>
            <column name="CreateDate" type="datetime(6)"/>
            <column name="LastEmpID" type="VARCHAR(50)"/>
            <column name="LastDate" type="datetime(6)"/>
            <column name="YanShouDate" type="datetime(6)"/>
            <column name="ProjSize" type="VARCHAR(50)"/>
        </createTable>
    </changeSet>
    <changeSet author="selton" id="T100-20190101-19">
        <createTable tableName="elec_project_declare">
            <column name="SeqID" type="INT">
                <constraints nullable="false"/>
            </column>
            <column name="ProjPlanID" type="VARCHAR(50)"/>
            <column name="DeclareYear" type="VARCHAR(10)"/>
            <column name="DeclareState" type="VARCHAR(10)"/>
        </createTable>
    </changeSet>
    <changeSet author="selton" id="T100-20190101-20">
        <createTable tableName="elec_project_layout">
            <column name="LayProjID" type="VARCHAR(50)">
                <constraints nullable="false"/>
            </column>
            <column name="ProjName" type="VARCHAR(100)"/>
            <column name="SeqID" type="INT"/>
            <column name="ProjGrade" type="INT"/>
            <column name="ParentProjID" type="VARCHAR(50)"/>
            <column name="Property" type="VARCHAR(10)"/>
            <column name="Size" type="VARCHAR(50)"/>
            <column name="Adress" type="VARCHAR(50)"/>
            <column name="StartTime" type="datetime(6)"/>
            <column name="EndTime" type="datetime(6)"/>
            <column name="PlanStartTime" type="datetime(6)"/>
            <column name="PlanInvest" type="DECIMAL(20, 2)"/>
            <column name="MainContent" type="VARCHAR(500)"/>
            <column name="COMMENT" type="VARCHAR(500)"/>
            <column name="IsDelete" type="VARCHAR(10)"/>
            <column name="CreateEmpID" type="VARCHAR(50)"/>
            <column name="CreateDate" type="datetime(6)"/>
            <column name="LastEmpID" type="VARCHAR(50)"/>
            <column name="LastDate" type="datetime(6)"/>
            <column name="VarSeqId" type="VARCHAR(50)"/>
        </createTable>
    </changeSet>
    <changeSet author="selton" id="T100-20190101-21">
        <createTable tableName="elec_project_plan">
            <column name="ProjPlanID" type="VARCHAR(50)">
                <constraints nullable="false"/>
            </column>
            <column name="JctID" type="VARCHAR(50)"/>
            <column name="LayProjID" type="VARCHAR(50)"/>
            <column name="ProjName" type="VARCHAR(100)"/>
            <column name="ProjState" type="VARCHAR(10)"/>
            <column name="ProjType" type="VARCHAR(10)"/>
            <column name="DeclareDate" type="datetime(6)"/>
            <column name="PlanInvest" type="DECIMAL(20, 2)"/>
            <column name="KeYan" type="VARCHAR(10)"/>
            <column name="ChuShe" type="VARCHAR(10)"/>
            <column name="KeYanInvest" type="DECIMAL(20, 2)"/>
            <column name="ChuSheInvest" type="DECIMAL(20, 2)"/>
            <column name="IsDeclare" type="VARCHAR(10)"/>
            <column name="IsApprove" type="VARCHAR(10)"/>
            <column name="Gist" type="VARCHAR(100)"/>
            <column name="MainContent" type="VARCHAR(500)"/>
            <column name="COMMENT" type="VARCHAR(500)"/>
            <column name="IsDelete" type="VARCHAR(10)"/>
            <column name="CreateEmpID" type="VARCHAR(50)"/>
            <column name="CreateDate" type="datetime(6)"/>
            <column name="LastEmpID" type="VARCHAR(50)"/>
            <column name="LastDate" type="datetime(6)"/>
            <column name="ProjSize" type="VARCHAR(50)"/>
        </createTable>
    </changeSet>
    <changeSet author="selton" id="T100-20190101-22">
        <createTable tableName="elec_role">
            <column name="roleID" type="VARCHAR(32)">
                <constraints primaryKey="true"/>
            </column>
            <column name="roleName" type="VARCHAR(500)"/>
        </createTable>
    </changeSet>
    <changeSet author="selton" id="T100-20190101-23">
        <createTable tableName="elec_role_popedom">
            <column name="roleID" type="VARCHAR(32)">
                <constraints nullable="false"/>
            </column>
            <column name="mid" type="VARCHAR(32)">
                <constraints nullable="false"/>
            </column>
            <column name="pid" type="VARCHAR(32)">
                <constraints nullable="false"/>
            </column>
        </createTable>
        <addPrimaryKey columnNames="roleID, mid, pid" constraintName="PRIMARY" tableName="elec_role_popedom"/>
    </changeSet>
    <changeSet author="selton" id="T100-20190101-24">
        <createTable tableName="elec_station">
            <column name="StationID" type="VARCHAR(50)">
                <constraints nullable="false"/>
            </column>
            <column name="JctID" type="VARCHAR(50)"/>
            <column name="StationCode" type="VARCHAR(50)"/>
            <column name="StationName" type="VARCHAR(50)"/>
            <column name="JCFrequency" type="VARCHAR(100)"/>
            <column name="ProduceHome" type="VARCHAR(50)"/>
            <column name="ContactType" type="VARCHAR(50)"/>
            <column name="UseStartDate" type="datetime(6)"/>
            <column name="COMMENT" type="VARCHAR(500)"/>
            <column name="IsDelete" type="VARCHAR(10)"/>
            <column name="CreateEmpID" type="VARCHAR(50)"/>
            <column name="CreateDate" type="datetime(6)"/>
            <column name="LastEmpID" type="VARCHAR(50)"/>
            <column name="LastDate" type="datetime(6)"/>
            <column name="StationType" type="VARCHAR(50)"/>
            <column name="AttributionGround" type="VARCHAR(50)"/>
            <column name="period" type="VARCHAR(50)"/>
        </createTable>
    </changeSet>
    <changeSet author="selton" id="T100-20190101-25">
        <createTable tableName="elec_stationbug">
            <column name="BugID" type="INT">
                <constraints nullable="false"/>
            </column>
            <column name="StationID" type="VARCHAR(50)"/>
            <column name="JctID" type="VARCHAR(50)"/>
            <column name="SbMonth" type="VARCHAR(50)"/>
            <column name="BugType" type="VARCHAR(10)"/>
            <column name="OccurDate" type="VARCHAR(50)"/>
            <column name="LauncherName" type="VARCHAR(50)"/>
            <column name="BugDescribe" type="VARCHAR(500)"/>
            <column name="ResolveDate" type="VARCHAR(50)"/>
            <column name="ResolveMethod" type="VARCHAR(500)"/>
            <column name="BugReason" type="VARCHAR(500)"/>
            <column name="COMMENT" type="VARCHAR(500)"/>
            <column name="IsDelete" type="VARCHAR(10)"/>
            <column name="CreateEmpID" type="VARCHAR(50)"/>
            <column name="CreateDate" type="datetime(6)"/>
            <column name="LastEmpID" type="VARCHAR(50)"/>
            <column name="LastDate" type="datetime(6)"/>
        </createTable>
    </changeSet>
    <changeSet author="selton" id="T100-20190101-26">
        <createTable tableName="elec_subengineering">
            <column name="SubEngineID" type="VARCHAR(50)">
                <constraints nullable="false"/>
            </column>
            <column name="ProjID" type="VARCHAR(50)"/>
            <column name="EngineID" type="VARCHAR(50)"/>
            <column name="SubEngineName" type="VARCHAR(100)"/>
            <column name="SubEngineState" type="VARCHAR(10)"/>
            <column name="UnitPrice" type="DECIMAL(20, 2)"/>
            <column name="Quality" type="INT"/>
            <column name="PlanInvest" type="DECIMAL(20, 2)"/>
            <column name="InvestMonth" type="VARCHAR(50)"/>
            <column name="ActualInvest" type="DECIMAL(20, 2)"/>
            <column name="TiaoGaiInvest" type="DECIMAL(20, 2)"/>
            <column name="COMMENT" type="VARCHAR(500)"/>
            <column name="IsDelete" type="VARCHAR(10)"/>
            <column name="CreateEmpID" type="VARCHAR(50)"/>
            <column name="CreateDate" type="datetime(6)"/>
            <column name="LastEmpID" type="VARCHAR(50)"/>
            <column name="LastDate" type="datetime(6)"/>
        </createTable>
    </changeSet>
    <changeSet author="selton" id="T100-20190101-27">
        <createTable tableName="elec_subengineering_plan">
            <column name="SubEngineID" type="VARCHAR(50)">
                <constraints nullable="false"/>
            </column>
            <column name="ProjPlanID" type="VARCHAR(50)"/>
            <column name="EnginePlanID" type="VARCHAR(50)"/>
            <column name="SubEngineName" type="VARCHAR(100)"/>
            <column name="UnitPrice" type="DECIMAL(20, 2)"/>
            <column name="Quality" type="INT"/>
            <column name="PlanInvest" type="DECIMAL(20, 2)"/>
            <column name="COMMENT" type="VARCHAR(500)"/>
            <column name="IsDelete" type="VARCHAR(10)"/>
            <column name="CreateEmpID" type="VARCHAR(50)"/>
            <column name="CreateDate" type="datetime(6)"/>
            <column name="LastEmpID" type="VARCHAR(50)"/>
            <column name="LastDate" type="datetime(6)"/>
        </createTable>
    </changeSet>
    <changeSet author="selton" id="T100-20190101-28">
        <createTable tableName="elec_subengineering_plan_history">
            <column name="SsepId" type="VARCHAR(50)">
                <constraints nullable="false"/>
            </column>
            <column name="SubEngineID" type="VARCHAR(50)"/>
            <column name="ProjPlanID" type="VARCHAR(50)"/>
            <column name="EnginePlanID" type="VARCHAR(50)"/>
            <column name="SubEngineName" type="VARCHAR(100)"/>
            <column name="UnitPrice" type="DECIMAL(20, 2)"/>
            <column name="Quality" type="INT"/>
            <column name="PlanInvest" type="DECIMAL(20, 2)"/>
            <column name="COMMENT" type="VARCHAR(500)"/>
            <column name="IsDelete" type="VARCHAR(10)"/>
            <column name="CreateEmpID" type="VARCHAR(50)"/>
            <column name="CreateDate" type="datetime(6)"/>
            <column name="LastEmpID" type="VARCHAR(50)"/>
            <column name="LastDate" type="datetime(6)"/>
            <column name="DeclareYear" type="VARCHAR(50)"/>
        </createTable>
    </changeSet>
    <changeSet author="selton" id="T100-20190101-29">
        <createTable tableName="elec_systemddl">
            <column autoIncrement="true" name="seqID" type="BIGINT(20)">
                <constraints primaryKey="true"/>
            </column>
            <column name="keyword" type="VARCHAR(20)"/>
            <column name="ddlCode" type="INT"/>
            <column name="ddlName" type="VARCHAR(50)"/>
        </createTable>
    </changeSet>
    <changeSet author="selton" id="T100-20190101-30">
        <createTable tableName="elec_text">
            <column name="textID" type="VARCHAR(50)">
                <constraints primaryKey="true"/>
            </column>
            <column name="textName" type="VARCHAR(50)"/>
            <column name="textDate" type="datetime(6)"/>
            <column name="textRemark" type="VARCHAR(500)"/>
        </createTable>
    </changeSet>
    <changeSet author="selton" id="T100-20190101-31">
        <createTable tableName="elec_user">
            <column autoIncrement="true" name="userID" type="BIGINT">
                <constraints primaryKey="true"/>
            </column>
            <column name="jctID" type="VARCHAR(50)"/>
            <column name="userName" type="VARCHAR(50)"/>
            <column name="logonName" type="VARCHAR(50)"/>
            <column name="logonPwd" type="VARCHAR(50)"/>
            <column name="sexID" type="VARCHAR(50)"/>
            <column name="birthday" type="datetime(6)"/>
            <column name="address" type="VARCHAR(100)"/>
            <column name="contactTel" type="VARCHAR(50)"/>
            <column name="email" type="VARCHAR(100)"/>
            <column name="mobile" type="VARCHAR(50)"/>
            <column name="isDuty" type="VARCHAR(50)"/>
            <column name="postID" type="VARCHAR(50)"/>
            <column name="onDutyDate" type="datetime(6)"/>
            <column name="offDutyDate" type="datetime(6)"/>
            <column name="remark" type="VARCHAR(500)"/>
            <column name="isDelete" type="VARCHAR(10)"/>
            <column name="createEmpID" type="VARCHAR(50)"/>
            <column name="createDate" type="datetime(6)"/>
            <column name="lastEmpID" type="VARCHAR(50)"/>
            <column name="lastDate" type="datetime(6)"/>
        </createTable>
    </changeSet>

    <changeSet author="selton" id="T100-20190101-32">
        <addForeignKeyConstraint baseColumnNames="applicationTemplateID" baseTableName="elec_application" constraintName="elec_application_ibfk_1" deferrable="false" initiallyDeferred="false" onDelete="NO ACTION" onUpdate="NO ACTION" referencedColumnNames="id" referencedTableName="elec_application_template"/>
    </changeSet>
    <changeSet author="selton" id="T100-20190101-33">
        <addForeignKeyConstraint baseColumnNames="applicationUserID" baseTableName="elec_application" constraintName="elec_application_ibfk_2" deferrable="false" initiallyDeferred="false" onDelete="NO ACTION" onUpdate="NO ACTION" referencedColumnNames="userID" referencedTableName="elec_user"/>
    </changeSet>
    <changeSet author="selton" id="T100-20190101-34">
        <addForeignKeyConstraint baseColumnNames="applicationID" baseTableName="elec_approveinfo" constraintName="elec_approveinfo_ibfk_1" deferrable="false" initiallyDeferred="false" onDelete="NO ACTION" onUpdate="NO ACTION" referencedColumnNames="applicationID" referencedTableName="elec_application"/>
    </changeSet>

    <changeSet author="selton" id="T100-20190101-35">
        <addForeignKeyConstraint baseColumnNames="approveUserID" baseTableName="elec_approveinfo" constraintName="elec_approveinfo_ibfk_2" deferrable="false" initiallyDeferred="false" onDelete="NO ACTION" onUpdate="NO ACTION" referencedColumnNames="userID" referencedTableName="elec_user"/>
    </changeSet>

    <changeSet id="T100-20190101-36" author="selton">
        <loadData tableName="elec_user" file="db/liquibase/0.0.1-SNAPSHOT/elec_user.csv">
            <column name="userID" type="INT"/>
            <column name="logonName" type="STRING"/>
            <column name="logonPwd" type="STRING"/>
        </loadData>
    </changeSet>
</databaseChangeLog>
